{
    "Accuracy_": 0.9970184853905785,
    "precision_": 0.9970715089386173,
    "recall_": 0.9970828471411902,
    "f1_Score_": 0.9970169242365347
}