{
    "Accuracy_": 0.9967203339296362,
    "precision_": 0.9967825271383222,
    "recall_": 0.9967911318553092,
    "f1_Score_": 0.996718589370502
}